Date,Open,High,Low,Close,Adj Close,Volume,MA20,MA50,Daily_Return,Volatility,Close_Scaled,MA20_Scaled
2023-08-21,1389.75,1407.0,1387.150024,1405.400024,1379.665894,3032722,,,,,0.09766555502620289,
2023-08-22,1404.699951,1406.050049,1396.650024,1403.75,1378.046021,2890714,,,-0.0011740600340277574,,0.09452115483563617,
2023-08-23,1416.0,1416.599976,1405.650024,1407.949951,1382.169067,2559125,,,0.002991950845948388,,0.10252487279656997,
2023-08-24,1421.5,1425.050049,1414.449951,1423.599976,1397.532471,5171963,,,0.011115469686180601,,0.13234864602191498,
2023-08-25,1413.0,1422.5,1411.400024,1420.099976,1394.09668,4307172,,,-0.002458555815541774,,0.12567880323963765,
2023-08-28,1420.099976,1424.800049,1411.400024,1415.650024,1389.728149,3133464,,,-0.003133548394623653,,0.11719866603144347,
2023-08-29,1424.0,1424.400024,1415.300049,1417.650024,1391.691528,3074444,,,0.0014127785583253338,,0.12101000476417356,
2023-08-30,1427.0,1436.650024,1424.0,1435.150024,1408.871094,3070887,,,0.012344372520534108,0.006331602271698794,0.1543592186755598,
2023-08-31,1435.150024,1444.900024,1428.650024,1435.449951,1409.165527,9792735,,,0.00020898651359391174,0.00619932734415203,0.1549307803716058,
2023-09-01,1430.949951,1446.0,1428.199951,1443.849976,1417.411743,3582133,,,0.005851841085889431,0.006276197791209166,0.17093845069080515,
2023-09-04,1443.0,1470.0,1434.699951,1465.099976,1438.272583,4609014,,,0.014717595562712349,0.007088294512025248,0.21143392472606015,
2023-09-05,1465.0,1480.050049,1456.5,1478.900024,1451.820068,5496840,,,0.00941918519286089,0.006655348117001914,0.2377322534540256,
2023-09-06,1481.900024,1482.900024,1463.300049,1477.449951,1450.396362,5075786,,,-0.000980507793946761,0.006206591189447669,0.23496889375893293,
2023-09-07,1470.599976,1473.400024,1462.050049,1466.199951,1439.352417,4411743,,,-0.0076144711314150015,0.008024058274671494,0.21353011338732752,
2023-09-08,1463.5,1474.75,1460.199951,1469.599976,1442.690186,3125838,,,0.0023189367846323528,0.007327876691205991,0.2200094368747023,
2023-09-11,1469.599976,1478.050049,1464.5,1476.449951,1449.414795,4182226,,,0.004661115345581779,0.007195000962213569,0.2330632243925681,
2023-09-12,1482.5,1504.0,1477.099976,1501.099976,1473.613403,6793161,,,0.016695469415203945,0.008664086154750988,0.28003802191519744,
2023-09-13,1505.0,1505.0,1488.650024,1498.349976,1470.913818,4804686,,,-0.0018319899033827358,0.007994343862850549,0.27479743115769395,
2023-09-14,1505.0,1512.550049,1499.150024,1506.949951,1479.356201,6444213,,,0.005739630351887959,0.007632998245926486,0.2911861400666984,
2023-09-15,1518.0,1518.400024,1509.0,1511.599976,1483.921265,8657816,1453.0124817,,0.003085719599986936,0.007457816221317222,0.30004755026202945,0.14142335778228343
2023-09-18,1504.900024,1504.900024,1488.0,1491.800049,1464.483765,3991916,1457.3324829500002,,-0.013098655275448401,0.008936221293152373,0.26231543592186757,0.15149423040655297
2023-09-20,1476.199951,1495.099976,1476.199951,1490.25,1462.962158,4169337,1461.65748295,,-0.001039046084653883,0.009037743836815564,0.25936155502620295,0.16157675621599843
2023-09-21,1486.550049,1504.550049,1476.0,1501.75,1474.251587,6779195,1466.3474854,,0.00771682603589996,0.009257125507818747,0.2812767527393998,0.17251018297865528
2023-09-22,1491.900024,1506.949951,1485.199951,1496.150024,1468.75415,5455613,1469.9749878,,-0.003728966871982653,0.006958290665199063,0.27060505002382085,0.18096668854439546
2023-09-25,1489.849976,1489.849976,1471.550049,1474.150024,1447.156982,4217863,1472.6774902000002,,-0.01470440774460735,0.008832609578670936,0.22868032396379245,0.18726681575782678
2023-09-26,1479.150024,1479.900024,1459.0,1460.650024,1433.904175,3996528,1474.9274902000002,,-0.009157819611445461,0.008357449343762704,0.20295378751786552,0.19251206039857927
2023-09-27,1456.0,1469.599976,1450.050049,1467.0,1440.137817,3863586,1477.394989,,0.004347363088805123,0.008557455555927183,0.2150547422582183,0.19826434255713954
2023-09-28,1467.900024,1472.599976,1435.0,1439.449951,1413.092285,5814602,1477.60998535,,-0.018779856169052422,0.009727331586646966,0.16255345783706554,0.19876554631385934
2023-09-29,1432.099976,1446.800049,1416.0,1435.449951,1409.165527,6068968,1477.60998535,,-0.00277883923454314,0.009629519905128257,0.1549307803716058,0.19876554631385934
2023-10-03,1436.050049,1437.0,1420.300049,1434.0,1407.742188,4181867,1477.1174865500002,,-0.001010102093068399,0.008108505243741003,0.1521676531681755,0.1976174233399588
2023-10-04,1425.0,1449.949951,1418.199951,1444.349976,1417.902588,4510406,1476.0799865499998,,0.007217556485355603,0.00965090317156435,0.17189128537398757,0.19519878275561098
2023-10-05,1452.0,1475.650024,1450.199951,1463.449951,1436.652832,7384621,1475.3074829000002,,0.013223924476321036,0.01067926088431048,0.20828952262982403,0.19339790692000136
2023-10-06,1469.5,1484.5,1463.300049,1478.699951,1451.623657,3598672,1475.3699829,,0.01042058185152106,0.010747496960658739,0.23735098046688918,0.19354360816002192
2023-10-09,1464.900024,1491.0,1462.199951,1475.449951,1448.433105,3567552,1475.8324828999998,,-0.0021978765859849148,0.010774213495710219,0.23115755502620283,0.1946217973361759
2023-10-10,1483.900024,1497.0,1469.099976,1495.150024,1467.772461,5688951,1477.1099853,,0.013351908674806623,0.0072874421945493964,0.268699380657456,0.19759993627713124
2023-10-11,1497.0,1518.25,1481.449951,1494.400024,1467.036133,7220129,1478.00748895,,-0.0005016219027931257,0.006898766494686859,0.2672701286326822,0.1996922145927833
2023-10-12,1491.900024,1504.400024,1452.0,1465.5,1438.665283,11081662,1476.22749015,,-0.019338880845735318,0.011709333214984368,0.21219623820867062,0.19554264607445226
2023-10-13,1405.0,1438.0,1400.0,1431.150024,1404.944336,17973439,1472.86749255,,-0.0234390829068577,0.015165332857587524,0.14673654121010005,0.18770975300585668
2023-10-16,1432.099976,1443.599976,1430.0,1434.150024,1407.889404,4850745,1469.2274962,,0.0020962162943722884,0.013933127662345378,0.15245354930919497,0.17922412129599197
2023-10-17,1440.25,1453.349976,1438.050049,1442.449951,1416.037354,3923764,1465.76999495,,0.0057873492041304875,0.013295818755192264,0.16827046593616002,0.17116392578401118
2023-10-18,1442.0,1454.0,1438.349976,1440.550049,1414.172241,4264837,1463.20749495,,-0.0013171354740474372,0.013313942624104872,0.16464988089566468,0.16519017494315458
2023-10-19,1426.099976,1439.650024,1426.099976,1433.650024,1407.39856,6795691,1460.3774961499998,,-0.004789854406509364,0.011106516278333872,0.15150071462601256,0.1585928255924718
2023-10-20,1430.0,1438.5,1425.25,1427.25,1401.115723,3928622,1456.65249615,,-0.004464146683542336,0.010882512637400046,0.1393043849452118,0.1499090316872267
2023-10-23,1425.599976,1432.349976,1405.25,1408.650024,1382.856323,2636516,1452.2774961500002,,-0.013032037834997401,0.009854446677391288,0.10385898046688924,0.1397099448857646
2023-10-25,1399.0,1402.550049,1361.300049,1370.050049,1362.371704,6940777,1447.0724974,,-0.027402104385297665,0.011087250313175867,0.030300190566936447,0.12757594853084875
2023-10-26,1355.050049,1374.0,1353.099976,1359.449951,1351.831055,6357656,1442.01249375,,-0.007737015160677485,0.010472715081395342,0.010099908527870571,0.11577996762980458
2023-10-27,1363.650024,1385.0,1363.650024,1380.349976,1372.614014,4634358,1437.67999255,,0.01537388337439416,0.012863674640591006,0.04992844592663159,0.1056799548740921
2023-10-30,1380.349976,1380.349976,1363.099976,1377.050049,1369.33252,2667696,1434.55999745,,-0.0023906451678019636,0.012802074226229565,0.04363987613149112,0.09840656039522688
2023-10-31,1379.949951,1381.150024,1363.0,1368.400024,1360.730957,3451595,1431.2075011,,-0.006281561811265712,0.012784201289421088,0.027155788470700326,0.09059115438945797
2023-11-01,1373.050049,1377.449951,1351.650024,1354.150024,1346.560791,3090672,1427.2150023,1445.90399406,-0.010413621565385167,0.01281920981290822,0.0,0.08128376197438714
2023-11-02,1370.0,1376.300049,1361.650024,1370.150024,1362.471191,3758060,1423.5050047,1445.19899406,0.011815529827882587,0.014352115505294366,0.030490709861838994,0.0726349419616743
2023-11-03,1380.050049,1392.0,1377.75,1389.050049,1381.265259,3349045,1419.7850096,1444.9049950400001,0.01379412813848191,0.011188332072504498,0.06650790852787036,0.06396281557860783
2023-11-06,1393.900024,1407.25,1390.800049,1403.300049,1395.435425,2736381,1416.0150145,1444.811997,0.010258809616153775,0.010625289187758387,0.09366369699857069,0.05517412820352474
2023-11-07,1400.0,1405.900024,1394.849976,1404.300049,1396.42981,2272209,1412.4575194000001,1444.42599846,0.0007126059752600167,0.009535252025584114,0.09556936636493552,0.046880825044512964
2023-11-08,1405.0,1405.0,1386.449951,1391.0,1383.204346,3550635,1407.2500181999999,1443.8439989400001,-0.009470945336412129,0.010470117546897433,0.07022387041448308,0.03474099492850735
2023-11-09,1395.900024,1397.5,1370.050049,1374.800049,1367.095093,5498051,1401.27001945,1443.0269994399998,-0.011646262401150298,0.011297270165108111,0.03935212005717004,0.020800303197333392
2023-11-10,1369.949951,1373.150024,1361.0,1368.849976,1361.178467,2943649,1396.43751825,1442.0509984799999,-0.004327955184703303,0.010503853475286495,0.02801324821343476,0.009534680521453787
2023-11-13,1379.849976,1382.449951,1370.849976,1373.550049,1365.852173,3462092,1393.5575195,1440.8189989799998,0.003433592491804305,0.009581235644071585,0.03697003334921378,0.0028207702953153557
2023-11-15,1399.0,1414.0,1393.0,1410.5,1402.594971,8551860,1392.3750183,1440.31999996,0.026901059067269584,0.013224564402313904,0.10738442305859941,6.4100036656356e-05
2023-11-16,1416.099976,1453.400024,1410.599976,1444.900024,1436.802246,6673907,1392.49752195,1440.3410009199997,0.024388531726338147,0.01552599517740484,0.17293949499761796,0.00034968297604986986
2023-11-17,1441.050049,1451.0,1435.050049,1437.550049,1429.493408,4901251,1392.34752195,1439.7900023799998,-0.00508683983522451,0.015898618898476456,0.15893287279656976,0.0
2023-11-20,1442.0,1452.0,1433.650024,1436.599976,1428.548706,3584210,1392.49501955,1438.94400142,-0.000660897337564581,0.015029711423626546,0.1571223477846595,0.0003438493315215396
2023-11-21,1442.0,1450.0,1436.75,1439.0,1430.935303,3793135,1393.08251955,1438.1750024000003,0.0016706278992726364,0.013364198273096255,0.16169600000000006,0.0017134409877175294
2023-11-22,1436.199951,1458.949951,1436.199951,1457.800049,1449.630005,3108786,1395.5400207999999,1438.00700436,0.01306466226546199,0.012584254195096551,0.19752267746545948,0.007442416659364071
2023-11-23,1467.900024,1467.900024,1447.699951,1449.25,1441.127808,3186928,1399.5000183500001,1437.60000484,-0.005865035473050617,0.013721645244492778,0.18122911100524064,0.016674041515599924
2023-11-24,1445.550049,1452.650024,1433.849976,1437.400024,1429.344238,2973195,1403.3975219999998,1436.8190063000002,-0.008176626530964293,0.011849350345644183,0.15864697474988088,0.025759979352254714
2023-11-28,1444.0,1445.0,1427.050049,1442.699951,1434.614502,3755373,1406.51502075,1435.6510058,0.003687162175809222,0.007238476072565001,0.16874688327775145,0.03302755429047277
2023-11-29,1451.099976,1460.699951,1449.800049,1459.599976,1451.4198,3875778,1410.6425170999998,1434.8760058,0.011714164811807093,0.008082448552087049,0.20095274321105272,0.04264965567249979
2023-11-30,1453.25,1460.650024,1449.550049,1455.150024,1446.994751,10120867,1414.9800171000002,1433.84000726,-0.0030487476522128576,0.00827173051832404,0.19247260600285854,0.05276132172995052
2023-12-01,1459.900024,1459.900024,1446.150024,1452.300049,1444.160767,3489187,1419.88751835,1432.65400872,-0.0019585437604336953,0.008398612868631455,0.1870414959504525,0.0642017860104156
2023-12-04,1460.449951,1471.900024,1449.300049,1464.349976,1456.143188,5511948,1424.59751595,1432.10500726,0.008297133232417986,0.007426950777422958,0.2100046727012863,0.07518182586346267
2023-12-05,1465.800049,1466.900024,1442.0,1453.949951,1445.801514,5123039,1427.8425110499998,1431.37900628,-0.007102144412504785,0.007620413160801835,0.19018566364935685,0.08274662282236989
2023-12-06,1456.75,1477.0,1451.050049,1474.300049,1466.037476,5269178,1431.39251105,1430.83000726,0.0139964226320195,0.008016793383150728,0.2289662220104809,0.09102245325555725
2023-12-07,1472.849976,1472.849976,1461.800049,1465.900024,1457.68457,4424453,1434.4725098,1430.22500726,-0.005697635976948945,0.008760743485450528,0.21295855169128153,0.09820260744976217
2023-12-08,1470.400024,1494.699951,1466.25,1491.150024,1482.793091,6323433,1439.480011,1430.56500726,0.0172249127407067,0.009917438122247858,0.2610767031919963,0.1098761935977004
2023-12-11,1490.0,1498.0,1482.0,1488.5,1480.157837,3862018,1445.16500855,1431.12200678,-0.0017771679290131681,0.009796921407237208,0.2560266336350643,0.12312917267851242
2023-12-12,1477.5,1490.0,1467.650024,1476.050049,1467.77771,6103494,1450.5250122,1431.3030077600001,-0.008364092038965487,0.010631721601643208,0.23230114340161956,0.13562451953165677
2023-12-13,1476.0,1476.050049,1433.150024,1449.0,1440.879272,8549258,1454.2975097499998,1431.49400874,-0.018325970056588425,0.012715096040838784,0.1807526936636492,0.14441904066782874
2023-12-14,1463.400024,1511.0,1461.349976,1501.449951,1493.035278,12489858,1458.8450073,1432.8140087399997,0.036197343685300254,0.01864712678896271,0.2807049585516914,0.15502025718026102
2023-12-15,1523.050049,1588.550049,1521.0,1578.400024,1569.554077,18395389,1465.5200073,1435.7020092199998,0.05125050818293975,0.02570598396551501,0.4273463554073369,0.1705811496144931
2023-12-18,1567.949951,1593.0,1560.300049,1564.349976,1555.582764,6467243,1471.86000365,1438.10200922,-0.008901449433835085,0.026059653544844765,0.40057160933778,0.18536107489325993
2023-12-19,1570.099976,1573.949951,1543.25,1558.300049,1549.566772,4221721,1477.9450073,1439.99901118,-0.0038673743681509887,0.02625178232479957,0.3890424487851356,0.1995465561306471
2023-12-20,1565.050049,1583.5,1530.0,1536.400024,1527.789429,6592367,1482.8150085000002,1441.1530126399998,-0.014053792152579181,0.02729422782686546,0.34730824202000976,0.21089959955053939
2023-12-21,1521.25,1546.650024,1521.25,1536.0,1527.391602,5319038,1486.72500605,1442.3640136199997,-0.00026036448434740844,0.02680797665743809,0.34654592853739885,0.22001466341475773
2023-12-22,1534.949951,1566.0,1523.0,1562.900024,1554.140869,6741060,1492.40750725,1443.71901362,0.017513036458333353,0.024728235879330904,0.3978084802286803,0.23326182295492082
2023-12-26,1535.0,1548.0,1523.0,1543.949951,1535.297119,6878067,1497.7350036,1444.7100121600001,-0.01212494254846841,0.023264113405422532,0.36169590662220097,0.2456813881453499
2023-12-27,1544.0,1570.0,1544.0,1567.099976,1558.317383,4225849,1503.95500485,1446.74201168,0.01499402554144047,0.012674753280741914,0.4058122000952835,0.2601815784662542
2023-12-28,1568.949951,1568.949951,1555.0,1562.650024,1553.892334,5702253,1509.10750725,1449.37201168,-0.0028396095132094956,0.01224118713291163,0.39733206288708933,0.2721931942885045
2023-12-29,1541.050049,1559.449951,1540.0,1542.900024,1534.253052,4388990,1513.49500725,1451.54701168,-0.012638786482365938,0.013110236178663788,0.3596950929013816,0.28242142133797143
2024-01-01,1539.0,1557.0,1535.25,1551.349976,1542.65564,2808451,1518.4475036,1453.7250121799998,0.005476668525866701,0.011984537019254901,0.3757979075750355,0.29396677908827407
2024-01-02,1546.0,1549.150024,1523.0,1534.400024,1525.800659,5396313,1521.950006,1455.60201168,-0.010925936933781855,0.012881972316945895,0.34349690328727966,0.30213188217397313
2024-01-03,1519.949951,1519.949951,1488.0,1490.0,1481.649414,7550363,1523.75250845,1456.7290112,-0.02893640726376845,0.014205743344503757,0.2588851376846115,0.30633391164766444
2024-01-04,1504.949951,1519.75,1492.900024,1512.699951,1504.222168,7056038,1525.6725035499999,1458.43801022,0.015234866442953132,0.01610555153634255,0.3021437389232968,0.3108098423181289
2024-01-05,1506.75,1539.699951,1506.25,1532.550049,1523.96106,8895403,1529.0050048,1460.9160107199998,0.01312229698089018,0.015772896813974376,0.33997146260123845,0.31857863535006814
2024-01-08,1528.949951,1536.0,1513.25,1522.800049,1514.265747,4440136,1530.5875060499998,1463.9710107199999,-0.0063619455732372154,0.015820345791773802,0.3213911862791803,0.32226779366142155
2024-01-09,1541.900024,1553.0,1525.849976,1529.300049,1520.729248,4412074,1532.6275085,1467.3680126799998,0.004268452712664628,0.015493287162286255,0.33377803716055254,0.3270234878471925
2024-01-10,1524.949951,1535.449951,1505.0,1519.900024,1511.381958,4096845,1534.82000725,1470.15901364,-0.006146619171395806,0.015284883102018509,0.3158646974749879,0.33213468443310035
2024-01-11,1524.900024,1525.0,1486.599976,1494.199951,1485.825928,11296088,1537.0800048,1472.50201168,-0.016909054933997414,0.015965787165451256,0.26688885564554576,0.3374032355607679
2024-01-12,1562.0,1618.0,1555.400024,1612.75,1603.711548,26754401,1542.64500725,1477.3890112,0.07934015050707233,0.03190634672922262,0.49280605240590747,0.35037647968371655
2024-01-15,1644.949951,1664.949951,1636.0,1652.099976,1642.840942,13228305,1546.33000485,1483.34801024,0.024399303053790122,0.0322572254019156,0.5677940962363031,0.35896701920042107
2024-01-16,1644.800049,1648.5,1625.0,1631.550049,1622.40625,6500917,1549.6900085,1488.5760107399997,-0.012438670358046244,0.033670335735031094,0.5286327298713673,0.36679992637289693
2024-01-17,1620.25,1647.5,1620.25,1640.199951,1631.00769,9209876,1553.7850036,1493.5990087799998,0.0053016467409636725,0.03304012883101245,0.5451165831348264,0.37634626019608897
2024-01-18,1642.650024,1649.0,1628.25,1642.599976,1633.394165,6375464,1559.0950011999998,1498.3850073199999,0.0014632514764658655,0.033153847780664936,0.5496902372558359,0.38872503195333596
2024-01-19,1651.599976,1665.5,1644.150024,1659.199951,1649.901123,4522736,1565.25499875,1503.4830053599999,0.010105914551651107,0.032335131279548505,0.5813243010957598,0.40308534045830724
2024-01-23,1650.099976,1674.699951,1637.699951,1642.150024,1632.946777,9401255,1569.21749875,1508.50600584,-0.010275992950532609,0.03139480226036956,0.5488327775131014,0.41232279907563196
2024-01-24,1659.900024,1680.0,1645.0,1675.400024,1666.010376,8999681,1575.7900024,1514.5180053400002,0.02024784551597092,0.014040990238118055,0.6121962839447357,0.42764474998518187
2024-01-25,1672.949951,1680.550049,1658.0,1669.099976,1659.745728,8865304,1580.8900024,1520.52300534,-0.003760324644713098,0.011551521927935095,0.6001904754645069,0.4395339711708868
2024-01-29,1665.150024,1679.349976,1647.599976,1656.599976,1647.315796,4253785,1585.5875,1526.18400388,-0.007489066071378336,0.010672704737061235,0.5763696083849452,0.4504848707759299
2024-01-30,1662.449951,1690.0,1648.25,1651.449951,1642.19458,4995943,1591.01499635,1531.0030029000002,-0.0031087921493486714,0.010742145864427035,0.5665553635064318,0.46313755795039224
2024-01-31,1648.25,1667.25,1638.099976,1660.900024,1651.591675,6763779,1596.49249875,1535.3230029000001,0.0057222884618923775,0.010890621070726752,0.5845640781324439,0.47590682022075104
2024-02-01,1659.550049,1677.0,1650.349976,1657.050049,1647.763306,5760011,1602.625,1539.7130029000002,-0.002318005264837164,0.01027490453891106,0.5772272987136731,0.49020302880562605
2024-02-02,1666.050049,1718.5,1665.0,1693.349976,1683.859741,7858483,1612.7924988,1544.8480028999998,0.021906355225604912,0.012033332737529793,0.6464029575988564,0.5139057037347614
2024-02-05,1694.75,1700.75,1681.849976,1687.199951,1677.744263,3634135,1621.5174988,1549.8120019199998,-0.0036318688322938275,0.010028554973203365,0.6346830433539781,0.5342455968416786
2024-02-06,1686.75,1733.0,1673.949951,1729.449951,1719.757446,7694265,1631.3624939,1555.24499996,0.025041489584538335,0.013150535637541748,0.7151975740828966,0.5571964447467925
2024-02-07,1729.0,1729.0,1686.849976,1693.75,1684.257568,4613877,1639.9099914499998,1560.13499996,-0.020642373015395843,0.015909517531760398,0.6471652710814673,0.5771225406205613
2024-02-08,1698.0,1706.349976,1682.800049,1692.099976,1682.616821,5919715,1648.0499877999998,1565.228999,-0.0009741839114391082,0.015786605196652106,0.6440208708909005,0.5960986616119306
2024-02-09,1684.699951,1692.900024,1659.800049,1669.349976,1659.994263,4600004,1655.5224854,1569.7619995,-0.01344483205642455,0.016972102658329418,0.6006668928060979,0.6135186962739017
2024-02-12,1670.349976,1692.949951,1670.349976,1680.099976,1670.684082,3555808,1664.81748665,1574.1719994999999,0.006439632284752195,0.017022525842439844,0.6211528384945213,0.6351873876038341
2024-02-13,1683.0,1689.099976,1663.5,1684.550049,1675.109131,2696481,1668.4074891,1578.76,0.002648695353591357,0.014683302485672003,0.6296332062887089,0.6435564725421226
2024-02-14,1660.199951,1669.449951,1635.5,1666.199951,1656.861938,3768579,1669.1124878500002,1583.0379980399998,-0.010893174715048137,0.015177104834914154,0.5946639866603145,0.6451999796155343
2024-02-15,1677.0,1687.75,1661.599976,1676.349976,1666.955078,4834391,1671.3524842,1587.2779980399998,0.006091720860937677,0.010620570056506929,0.6140065783706525,0.65042190354893
2024-02-16,1689.0,1709.0,1687.949951,1701.650024,1692.113281,4880654,1674.42498785,1592.2319994999998,0.015092342507361911,0.010084900569321488,0.6622201048118153,0.6575845850173097
2024-02-19,1705.0,1711.5,1687.699951,1699.75,1690.223999,3690993,1677.28248905,1596.74099852,-0.0011165774237957837,0.010089003348106316,0.6585992872796571,0.6642460485085291
2024-02-20,1685.0,1694.25,1668.75,1685.25,1675.805176,3706389,1678.5849915,1601.1279980399997,-0.008530666274452092,0.009060191312206145,0.6309670814673654,0.6672824680620528
2024-02-21,1674.0,1674.0,1645.300049,1655.550049,1646.271729,4300508,1679.25499275,1604.41599854,-0.017623468921525,0.011149216704359014,0.5743687946641258,0.6688443882691018
2024-02-22,1665.0,1684.599976,1644.400024,1681.349976,1671.927002,5841277,1679.5524903500002,1608.2729980600002,0.015583900357216018,0.012979049582327516,0.6235349252024771,0.669537920576674
2024-02-23,1697.0,1698.449951,1671.900024,1676.849976,1667.452271,5373072,1679.9399903500002,1612.2889966,-0.0026764207715431754,0.01219882826558241,0.614959413053835,0.6704412682648035
2024-02-26,1674.949951,1674.949951,1645.0,1660.150024,1650.845947,2782438,1680.11749275,1616.51199708,-0.009959121113408353,0.012579211013122297,0.5831348261076705,0.6708550653813905
2024-02-27,1661.0,1671.099976,1652.800049,1663.599976,1654.276489,5159088,1680.7249940000002,1619.7549975800002,0.002078096527497797,0.010547058928203604,0.5897092939494999,0.6722712843484184
2024-02-28,1670.0,1687.800049,1662.050049,1671.25,1661.883667,3188916,1681.2424928,1621.6119971,0.004598475661435009,0.010946826037977472,0.6042877103382565,0.6734776878183273
2024-02-29,1665.0,1682.25,1653.300049,1673.900024,1664.518799,7814722,1682.0849915499998,1623.8029980600002,0.0015856538519072316,0.010660641616447463,0.609337779895188,0.6754417376197837
2024-03-01,1669.0,1671.949951,1651.0,1654.699951,1645.426392,6387291,1680.1524903000002,1625.7309960999999,-0.011470262694733058,0.00920816057093777,0.5727487889471177,0.6709366523643134
2024-03-04,1657.849976,1664.449951,1633.650024,1637.199951,1628.024414,4445156,1677.6524903000002,1627.7469946400001,-0.010575935528023717,0.006807232199375066,0.5393995750357314,0.6651086027634778
2024-03-05,1634.0,1637.349976,1602.0,1606.5,1597.496582,4596579,1671.50499275,1629.15699464,-0.018751497629381553,0.008796105389725363,0.48089561886612664,0.6507774345065105
2024-03-06,1602.800049,1620.150024,1576.0,1617.550049,1608.484619,6420684,1667.6949952,1630.24999514,0.006878337379396138,0.009800383346053557,0.501953358742258,0.6418954926263254
2024-03-07,1616.599976,1628.449951,1604.199951,1616.449951,1607.390747,6348359,1663.9124939500002,1631.69999514,-0.0006801013672992351,0.009584041041208042,0.49985693568365885,0.6330776506662366
2024-03-11,1608.150024,1613.800049,1588.0,1600.599976,1591.629639,6752895,1660.4749939500002,1632.36999514,-0.009805422673429876,0.008940022896950894,0.46965212386850874,0.6250640824650873
2024-03-12,1600.0,1625.0,1597.650024,1612.949951,1603.9104,4614222,1657.1174927,1633.37599368,0.00771584105034373,0.010051472658316563,0.4931870929013815,0.6172370089371393
2024-03-13,1612.900024,1624.5,1598.550049,1611.400024,1602.369141,5688997,1653.45999145,1634.7459936799999,-0.0009609269023127531,0.009746247462599137,0.4902334444973797,0.608710569457092
2024-03-14,1614.400024,1657.75,1608.0,1653.300049,1644.034302,8803799,1652.81499635,1636.7849951399999,0.02600224920934968,0.01424000630932486,0.5700810385898047,0.6072069440830536
2024-03-15,1641.099976,1645.800049,1618.349976,1634.0,1624.842407,11809997,1650.6974975500002,1638.77699466,-0.011673651743779767,0.012735366534126234,0.5333015264411625,0.6022705888686097
2024-03-18,1630.0,1632.650024,1598.849976,1602.650024,1593.668213,4958904,1645.7474975500002,1641.02999514,-0.019186031823745342,0.01487181340489441,0.4735588375416864,0.5907310506589547
2024-03-19,1592.349976,1599.0,1558.0,1561.449951,1552.698975,6870411,1638.8324951,1642.00499514,-0.02570746724676054,0.01749545047824234,0.39504512053358765,0.5746106597515541
2024-03-20,1563.0,1574.949951,1552.349976,1554.949951,1546.235352,4759059,1632.31749265,1642.45299318,-0.004162797530485762,0.017355944608709397,0.3826582696522154,0.5594227567802874
2024-03-21,1564.0,1576.949951,1543.400024,1554.699951,1545.986816,11062497,1627.27498775,1643.0909912200002,-0.00016077687892090964,0.016713516550306284,0.3821818523106244,0.5476675693124244
2024-03-22,1521.0,1528.900024,1498.199951,1508.849976,1500.393799,14673890,1618.64998775,1642.68198976,-0.029491205020305555,0.01886950147010578,0.29480695950452596,0.5275607981895405
2024-03-26,1492.0,1507.449951,1487.900024,1492.650024,1484.284668,8351081,1609.43999015,1642.1369897600002,-0.010736622101387705,0.010854369247308331,0.2639352072415435,0.5060902690549893
2024-03-27,1496.0,1499.0,1481.550049,1483.849976,1475.533936,6857402,1600.62498775,1641.92999026,-0.005895586948384435,0.011310411974058972,0.24716522534540264,0.48554056056751405
2024-03-28,1487.150024,1511.800049,1487.150024,1498.050049,1489.654419,12499530,1592.3474914,1639.63599124,0.009569749792549098,0.013881717300282143,0.2742258694616484,0.46624389684809975
2024-04-01,1525.0,1529.949951,1492.800049,1495.449951,1487.068848,6580002,1583.5574889499999,1636.50299074,-0.0017356549614183647,0.012057522744774483,0.2692709423535016,0.4457524687400718
2024-04-02,1484.849976,1493.150024,1480.849976,1482.849976,1474.539551,7279400,1574.00498655,1633.5289892800001,-0.008425541083186716,0.012051754719151911,0.24525955597903737,0.42348348562035065
2024-04-03,1479.0,1495.099976,1475.0,1480.650024,1472.351929,8736248,1565.3024902,1630.3379907400001,-0.0014835971511658608,0.011942064306036742,0.24106717484516427,0.4031960534687937
2024-04-04,1490.550049,1495.650024,1468.0,1486.699951,1478.36792,11186915,1557.7774902,1627.2199902400002,0.004085993922896103,0.007117719516207669,0.2525963353978087,0.38565362417027815
2024-04-05,1480.050049,1486.699951,1476.050049,1479.099976,1470.810547,5072482,1551.407489,1623.61799074,-0.0051119763573598265,0.006242412542957408,0.23811329585516905,0.37080375098988405
2024-04-08,1483.0,1490.949951,1474.099976,1476.699951,1468.42395,6610887,1544.3649841000001,1620.30898928,-0.0016226252714102163,0.005916874448260441,0.2335396417341591,0.35438612384135304
2024-04-09,1490.0,1513.800049,1487.300049,1494.849976,1486.47229,9423230,1538.28498535,1616.69798832,0.012290936278360975,0.00673496027441206,0.2681275883754166,0.3402123101261445
2024-04-10,1500.349976,1509.849976,1484.550049,1506.800049,1498.355347,6744595,1533.594989,1613.45198978,0.007994162084396406,0.007360874316959656,0.2909004764173413,0.3292788975839289
2024-04-12,1504.0,1506.800049,1479.5,1484.75,1476.428833,12275616,1527.18499145,1610.01499026,-0.014633692781357177,0.008911141137398956,0.24888037351119596,0.314335784118875
2024-04-15,1480.0,1491.949951,1461.050049,1468.150024,1459.921997,8531224,1520.02249145,1606.34899172,-0.011180317225122027,0.009916532017805539,0.2172463077656026,0.29763842201248014
2024-04-16,1451.0,1455.150024,1413.050049,1414.449951,1406.522827,16173541,1508.07998655,1601.41999026,-0.03657669320039458,0.016227401526937163,0.11491172367794178,0.2697978176463103
2024-04-18,1421.099976,1444.699951,1407.5,1419.25,1411.296021,22107945,1497.34248655,1596.6639892800001,0.0033935799542474943,0.016701846117210862,0.1240590300142923,0.24476634461072067
2024-04-19,1385.0,1426.849976,1378.75,1411.25,1403.34082,20603621,1487.77248535,1591.0219897600002,-0.005636779989431018,0.016604660860964408,0.10881367508337281,0.22245656794125646
2024-04-22,1419.900024,1436.849976,1413.050049,1432.75,1424.720337,5859087,1481.3374878,1585.9329907400002,0.015234720992028272,0.017182263889844243,0.14978556646021923,0.2074551739801942
2024-04-23,1443.0,1446.849976,1433.0,1442.400024,1434.316284,4856174,1475.70999145,1580.1919922000002,0.006735316000697988,0.017018227812533093,0.16817532158170545,0.19433624283766493
2024-04-24,1444.300049,1444.300049,1427.050049,1430.75,1422.731567,4268213,1469.5124939,1574.9319922000002,-0.008076832921627863,0.0166462956720284,0.14597422772748914,0.17988851358868185
2024-04-25,1420.0,1444.900024,1420.0,1438.449951,1430.388306,9089398,1465.99249265,1569.8589917,0.005381758518259616,0.016823752426780646,0.16064778847070027,0.17168261683668007
2024-04-26,1439.699951,1445.400024,1427.0,1430.25,1422.234375,8062444,1462.8724914499999,1565.07699218,-0.005700546615681312,0.008456785389418521,0.14502139304430672,0.1644092081373727
2024-04-29,1429.949951,1439.800049,1428.25,1434.75,1426.709106,5055957,1460.41749265,1560.16999266,0.0031463030938647663,0.008448648553633711,0.15359690519294888,0.15868606622681636
2024-04-30,1434.699951,1436.550049,1417.550049,1420.550049,1412.588745,6936588,1456.54249265,1554.88999266,-0.009897160480920042,0.009177485458513303,0.12653649356836594,0.1496525893455205
2024-05-02,1413.0,1424.0,1411.849976,1414.449951,1406.522827,10076354,1452.49249265,1549.8549926599999,-0.00429418027495343,0.006773618459022099,0.11491172367794178,0.1402111489921669
2024-05-03,1422.099976,1424.800049,1403.199951,1416.300049,1408.362549,8842345,1449.1649963,1544.6539941200003,0.0013079982071417806,0.005883991793155011,0.11843739876131476,0.13245402348240676
2024-05-06,1420.0,1445.699951,1417.099976,1425.900024,1417.908691,6445422,1446.4274963,1539.13899412,0.006778207066206354,0.006243300604593517,0.13673177703668404,0.12607230916949153
2024-05-07,1424.949951,1443.349976,1415.599976,1440.949951,1432.874268,6080661,1444.1399963,1533.96299314,0.010554685985474155,0.007272464065407687,0.16541196188661278,0.12073964378472635
2024-05-08,1435.25,1439.75,1425.599976,1427.300049,1419.300903,6234983,1441.54999995,1528.80399412,-0.009472849484138735,0.007901275371561064,0.13939976179132918,0.11470179290721294
2024-05-09,1427.550049,1449.949951,1424.849976,1439.550049,1431.4823,6088406,1439.69250485,1524.4839941200003,0.008582638253661345,0.008534604373389446,0.1627442115292994,0.11037156347676902
2024-05-10,1435.050049,1435.949951,1413.0,1424.900024,1416.914307,8777481,1436.19500725,1519.3549950799998,-0.010176808378546287,0.00859189241155643,0.13482610767031922,0.1022181276801275
2024-05-13,1425.0,1425.0,1411.199951,1423.449951,1415.472412,3735954,1432.02750235,1514.2869945799998,-0.0010176664857716178,0.00837571320936544,0.13206274797522655,0.09250275757255721
2024-05-14,1426.400024,1433.75,1418.050049,1424.699951,1416.715332,3463230,1429.0249999,1509.57799312,0.0008781481913866518,0.008374112045970591,0.13444483468318236,0.08550326429046473
2024-05-15,1426.0,1431.800049,1418.550049,1419.949951,1411.991943,4327544,1426.6149962499999,1504.70499262,-0.003334035350156306,0.0080521047859589,0.1253929051929492,0.07988501596630604
2024-05-16,1433.949951,1455.75,1427.0,1453.349976,1445.204834,9249145,1428.5599975,1500.3469921399999,0.02352197341637141,0.011702180353209432,0.1890423096712719,0.08441924146978153
2024-05-17,1457.0,1457.0,1439.25,1444.300049,1436.205688,7542860,1429.81249995,1495.7549926399997,-0.006226942683762782,0.011260932390746336,0.171796141019533,0.08733910003128909
2024-05-21,1430.0,1444.699951,1428.400024,1434.150024,1426.112549,6752663,1430.9575011499999,1491.3439941000001,-0.007027642910507059,0.0112272057420213,0.15245354930919497,0.0900083495459354
2024-05-22,1428.75,1459.949951,1428.0,1454.800049,1446.646729,7173285,1432.0600036,1487.69599606,0.014398789983215865,0.011529183997855155,0.191805669366365,0.09257852513139309
2024-05-23,1454.699951,1478.150024,1450.0,1472.400024,1464.148071,8641428,1433.5600036,1485.01399654,0.012097865278529518,0.011824172339863775,0.22534540257265379,0.09607535489189445
2024-05-24,1468.25,1475.5,1460.0,1465.099976,1456.889038,5277938,1435.2775024,1481.96499508,-0.004957924396230551,0.012349207886560638,0.21143392472606015,0.10007922217020448
2024-05-27,1471.849976,1479.599976,1460.25,1471.349976,1463.104004,5821844,1436.92250365,1479.06299558,0.004265920484869401,0.01191654193253519,0.22334435826584098,0.10391408172157934
2024-05-28,1475.5,1476.0,1460.300049,1467.050049,1458.828125,6186922,1438.7625061,1476.3919970400002,-0.00292243658554292,0.008943565644590378,0.21515011910433524,0.10820353193928334
2024-05-29,1465.400024,1465.5,1450.0,1450.949951,1442.818237,7401634,1439.57250365,1473.15199704,-0.010974470851198515,0.00975899416048734,0.18446865555026193,0.11009181429846526
2024-05-30,1442.800049,1449.849976,1421.550049,1427.449951,1419.449951,9663150,1439.91749875,1469.47299558,-0.016196285739424554,0.011439220084515865,0.1396854254406863,0.11089607372040344
2024-05-31,1409.800049,1436.75,1400.0,1406.900024,1406.900024,37113815,1439.5400024,1464.54499508,-0.014396250450394943,0.010257747423044838,0.10052405907575057,0.11001604673962984
2024-06-03,1440.0,1440.0,1404.0,1405.900024,1405.900024,10589244,1439.02000115,1459.98299556,-0.0007107825594863115,0.007538398144919597,0.0986183897093853,0.10880380950863122
2024-06-04,1409.0,1415.0,1358.349976,1393.650024,1393.650024,13736134,1437.4075011500001,1455.8029955600002,-0.008713279600882862,0.007539338741078894,0.07527393997141507,0.10504471751609223
2024-06-05,1400.150024,1438.0,1400.150024,1430.099976,1430.099976,9233424,1436.8650023999999,1453.17599606,0.0261543080201605,0.014427657238209587,0.14473549690328724,0.10378003366673516
2024-06-06,1444.949951,1474.300049,1437.5,1472.25,1472.25,12660930,1439.11249995,1451.52199704,0.02947348067083677,0.019218479577845036,0.2250595064316343,0.10901944454639834
2024-06-07,1481.0,1539.699951,1477.25,1533.599976,1533.599976,24075302,1443.8149963,1451.09999754,0.04167089556800807,0.02368701256381128,0.34197227632205784,0.1199819973366183
2024-06-10,1525.300049,1529.800049,1497.300049,1499.75,1499.75,6810606,1447.5574951,1450.91799802,-0.022072233000608787,0.024774134244105534,0.2774654140066697,0.12870658479160557
2024-06-11,1500.050049,1506.449951,1493.949951,1495.75,1495.75,4853054,1451.17249755,1450.9799975399999,-0.0026671111851975793,0.023418237965782008,0.26984273654120994,0.13713395022590236
2024-06-12,1507.0,1508.75,1482.75,1485.199951,1485.199951,9564320,1454.1974975500002,1451.00699704,-0.007053350493063659,0.02397356963079313,0.249737831348261,0.14418589024291428
2024-06-13,1495.0,1505.0,1489.349976,1493.949951,1493.949951,7307565,1457.89749755,1450.9249950800001,0.0058914626236747925,0.02287547973687814,0.26641243830395434,0.15281140365215107
2024-06-14,1503.699951,1503.699951,1486.050049,1488.900024,1488.900024,4237727,1459.67499995,1450.79399654,-0.0033802517926518894,0.022154662206917884,0.2567889471176752,0.15695515251327263
2024-06-18,1497.0,1507.0,1495.400024,1498.199951,1498.199951,5420939,1462.36999505,1451.10099604,0.006246172912950376,0.019647087177943015,0.2745115331110055,0.16323777855999655
2024-06-19,1505.0,1515.650024,1496.699951,1511.349976,1511.349976,5493456,1466.22999265,1451.71499508,0.00877721627959116,0.010623828922502805,0.299571132920438,0.17223628154875925
2024-06-20,1516.300049,1517.5,1499.099976,1515.400024,1515.400024,7927010,1469.2599914,1452.2889965399997,0.002679755228315095,0.00592315052700269,0.30728918532634575,0.17929987475094755
2024-06-21,1545.0,1557.75,1523.699951,1532.699951,1532.699951,17301941,1472.27498775,1453.36099604,0.011416079402147394,0.006622649367934266,0.34025712625059557,0.18632849406060314
2024-06-24,1524.550049,1529.099976,1515.400024,1527.150024,1527.150024,5564989,1475.3774901499999,1454.3699975,-0.0036210133603638006,0.005784086609416865,0.329680800381134,0.1935611092101679
2024-06-25,1526.0,1543.900024,1520.349976,1541.949951,1541.949951,4551525,1478.9074889,1455.311997,0.009691206998271973,0.006157290338977117,0.3578845678894713,0.20179031233252376
2024-06-26,1541.0,1548.849976,1535.0,1540.699951,1540.699951,4851004,1482.589984,1455.9899950400002,-0.0008106618500745011,0.005662859570651406,0.35550248118151506,0.21037501797157754
2024-06-27,1538.449951,1578.400024,1532.050049,1573.349976,1573.349976,14757754,1488.70998525,1457.76199456,0.02119168302615204,0.008404052338578218,0.41772263363506434,0.22464208630844862
2024-06-28,1572.550049,1588.5,1564.25,1566.75,1566.75,8197544,1495.6749877,1459.73399408,-0.004194855626959315,0.009337178923477237,0.4051452615531206,0.24087903820786538
2024-07-01,1559.5,1599.900024,1559.5,1590.800049,1590.800049,6801771,1504.8699889499999,1463.2609960399998,0.01535027860220195,0.009975072717897713,0.450976703191996,0.2623146075537641
2024-07-02,1596.199951,1633.800049,1586.5,1621.050049,1621.050049,10493173,1515.6274902,1467.29699702,0.019015589054712123,0.01090554436959041,0.5086232015245353,0.2873927079001857
2024-07-03,1625.0,1636.0,1606.0,1627.400024,1627.400024,7269965,1527.3149902,1471.6199975,0.003917198610812411,0.009880525976578104,0.5207241543592187,0.31463883978409335
2024-07-04,1628.199951,1660.0,1628.0,1650.650024,1650.650024,8008311,1538.3424926,1475.9779979799998,0.014286591899423495,0.010072062314555404,0.5650309671272034,0.340346372168308
2024-07-05,1651.449951,1665.849976,1633.349976,1647.449951,1647.449951,7065022,1547.10249015,1480.0789965200001,-0.0019386744333879102,0.010277462521506239,0.558932686040972,0.36076785225814767
2024-07-08,1643.099976,1666.0,1640.0,1661.650024,1661.650024,5880533,1553.50499255,1484.696997,0.008619426035601618,0.008937825230345036,0.5859933301572178,0.3756934928808162
2024-07-09,1659.900024,1666.75,1651.0,1657.150024,1657.150024,5191182,1561.3749937500002,1489.07099846,-0.0027081514970086484,0.008615332678278855,0.5774178180085756,0.39404019582171124
2024-07-10,1657.0,1674.0,1637.550049,1648.25,1648.25,9852770,1568.9999937500002,1493.43099846,-0.005370680910662062,0.009237294811543046,0.5604573149118628,0.4118157471042605
2024-07-11,1656.0,1665.0,1642.050049,1652.699951,1652.699951,8857679,1577.37499375,1497.78999748,0.0026998034278780114,0.006911574885471277,0.568937450214388,0.43133971326706
2024-07-12,1680.0,1719.75,1666.650024,1711.75,1711.75,17078316,1588.2649962,1503.6139964999998,0.035729443184330245,0.014294544309275051,0.6814673196760364,0.4567267030397897
2024-07-15,1726.199951,1728.0,1702.650024,1707.050049,1707.050049,6942230,1599.17249745,1509.46599846,-0.0027456994304074778,0.014362709674866612,0.6725107670319197,0.4821544863622611
2024-07-16,1718.599976,1737.900024,1700.0,1726.050049,1726.050049,6886281,1610.5650023499998,1515.6609984600002,0.011130312207969784,0.014174086641981273,0.7087184849928536,0.5087129198162468
2024-07-18,1719.0,1765.400024,1719.0,1758.050049,1758.050049,11248896,1622.900006,1522.3039989600002,0.018539439234997568,0.014869265684266999,0.7696999047165316,0.5374685250557238
2024-07-19,1844.0,1844.0,1786.449951,1792.949951,1792.949951,29819116,1636.7775023499998,1529.3439989600001,0.019851483761711863,0.01455703445288893,0.8362075788470702,0.5698200198810106
2024-07-22,1800.150024,1823.0,1792.949951,1810.849976,1810.849976,8462126,1650.6850036,1537.0149975000002,0.009983560885241882,0.012638337906658784,0.8703191081467363,0.6022414627244856
2024-07-23,1810.0,1839.949951,1783.25,1836.900024,1836.900024,7113056,1666.1725036,1544.9619969999999,0.014385536264877263,0.011695434730082638,0.9199618866126729,0.6383462300016634
2024-07-24,1837.5,1842.349976,1819.599976,1833.949951,1833.949951,6002845,1680.7725036,1553.14299554,-0.001606006294003981,0.009014861671557399,0.9143400228680325,0.6723820396705444
2024-07-25,1820.0,1830.900024,1812.0,1824.849976,1824.849976,5815599,1694.9800048500001,1561.17099604,-0.004961953839055511,0.009557019778621787,0.8969984792758456,0.7055028484661192
2024-07-26,1825.349976,1883.0,1825.349976,1878.900024,1878.900024,11369047,1710.25750725,1570.2549975,0.02961889947713714,0.012226714373509558,1.0,0.7411180651717544
2024-07-29,1893.599976,1903.0,1864.0,1871.099976,1871.099976,4635931,1725.4750060499998,1579.277998,-0.004151390654301257,0.013249186436783834,0.985135687470224,0.776593400294578
2024-07-30,1871.099976,1879.949951,1860.0,1877.150024,1877.150024,2721265,1739.7925048000002,1587.75399896,0.0032334178171140593,0.012448984899497372,0.9966650786088613,0.8099706374445406
2024-07-31,1877.0,1885.150024,1865.050049,1868.25,1868.25,5004209,1752.1525023499998,1596.23299798,-0.00474124278092336,0.013021361925985783,0.9797045755121485,0.8387845089595833
2024-08-01,1856.099976,1867.900024,1845.099976,1852.599976,1852.599976,7475014,1763.41249995,1604.6019970200002,-0.008376836076542271,0.012994931745991997,0.9498808041924724,0.8650340387668205
2024-08-02,1843.0,1859.5,1816.150024,1821.199951,1821.199951,7400938,1771.9399963,1611.92999506,-0.016949166256493564,0.014741060711952898,0.8900427384468794,0.8849135074463197
2024-08-05,1784.949951,1797.5,1718.550049,1751.900024,1751.900024,10736703,1777.16249995,1617.51999506,-0.03805179489596855,0.02045671313117721,0.7579799904716533,0.8970883115714177
2024-08-06,1760.199951,1796.949951,1744.849976,1751.099976,1751.099976,7690163,1781.6349975500002,1623.23999506,-0.000456674461464579,0.013939460272318113,0.7564553635064315,0.9075146867123864
2024-08-07,1796.0,1797.900024,1762.099976,1791.650024,1791.650024,5094329,1788.3599975500001,1629.64599602,0.023156900551519533,0.01879955681824572,0.8337303477846594,0.9231921401386343
2024-08-08,1779.949951,1779.949951,1727.099976,1743.150024,1743.150024,6227910,1793.1049987499998,1635.1679955200002,-0.027070018893377346,0.01977557019953119,0.74130538351596,0.9342537810784837
2024-08-09,1771.25,1780.75,1756.0,1770.75,1770.75,4258524,1799.0075011999998,1641.5639965,0.01583339105642012,0.022137093667631703,0.7939018122915673,0.9480138118975452
2024-08-12,1773.050049,1803.5,1768.099976,1797.400024,1797.400024,4315329,1803.2900023999998,1648.9629979600002,0.015050133559226353,0.023684456554775708,0.8446879466412578,0.957997263661241
2024-08-13,1810.0,1810.0,1789.050049,1797.449951,1797.449951,4176918,1807.8099975,1656.7739965,2.7777344683066474e-05,0.023005262109027223,0.8447830909957124,0.9685343659165753
2024-08-14,1802.0,1825.0,1797.449951,1823.25,1823.25,7450718,1812.6699950500001,1665.1209960200001,0.014353695348038098,0.016899466609834966,0.8939494540257265,0.9798640886291121
2024-08-16,1850.0,1861.849976,1829.5,1858.949951,1858.949951,7335657,1817.7149901499997,1674.42699456,0.01958039270533396,0.017345797775863547,0.9619817570271558,0.9916250813006204
2024-08-19,1860.0,1867.550049,1849.199951,1864.800049,1864.800049,2585766,1821.3074950500002,1683.1209960200001,0.003146990588344112,0.01617652179472271,0.9731301095759886,1.0
